"Artikelnummer","Benämning","Antal","Försäljning","Moms","Försäljning (inkl. moms)","Inköpssumma","Vinst","Vinst (%)"
"018-Black-3XL","XL 018 Men’s Puffer Jacket - Black / CN M = EU XS *KAMPANJ*",14.000,2759.20,689.80,3449.00,1996.00,763.20,0.27660191359814438968
"018-Black-4XL","XL 018 Men’s Puffer Jacket - Black / CN L = EU S *KAMPANJ*",9.000,1793.60,448.40,2242.00,748.50,1045.10,0.58268287243532560214
"018-Black-5XL","XL 018 Men’s Puffer Jacket - Black / CN XL = EU M *KAMPANJ*",13.000,2670.40,667.60,3338.00,1746.50,923.90,0.34597813061713600959
"018-Black-6XL","XL 018 Men’s Puffer Jacket - Black / CN 2XL = EU L *KAMPANJ*",6.000,1116.00,279.00,1395.00,748.50,367.50,0.32930107526881720430
"018-Brown-3XL","XL 018 Men’s Puffer Jacket - Brown / CN M = EU XS *KAMPANJ*",3.000,478.40,119.60,598.00,249.50,228.90,0.47846989966555183946
"018-Brown-4XL","XL 018 Men’s Puffer Jacket - Brown / CN L = EU S *KAMPANJ*",4.000,838.40,209.60,1048.00,499.00,339.40,0.40481870229007633588
"018-Brown-5XL","XL 018 Men’s Puffer Jacket - Brown / CN XL = EU M *KAMPANJ*",1.000,199.20,49.80,249.00,249.50,-50.30,-0.25251004016064257028
"018-Grey-3XL","XL 018 Men’s Puffer Jacket - ORANGE / CN M = EU XS *KAMPANJ*",2.000,478.40,119.60,598.00,249.50,228.90,0.47846989966555183946
"018-Grey-6XL","XL 018 Men’s Puffer Jacket - ORANGE / CN 2XL = EU L *KAMPANJ*",1.000,199.20,49.80,249.00,249.50,-50.30,-0.25251004016064257028
"1","Kläning",6.000,2020.00,505.00,2525.00,1140.00,880.00,0.43564356435643564356
"111-Black-110","INCI 111 Children’s Puffer Jackets - Black / M *KAMPANJ*",3.000,678.40,169.60,848.00,449.00,229.40,0.33814858490566037736
"111-Black-120","INCI 111 Children’s Puffer Jackets - Black / L *KAMPANJ*",2.000,478.40,119.60,598.00,449.00,29.40,0.06145484949832775920
"111-Brown-120","INCI 111 Children’s Puffer Jackets - GREEN / L *KAMPANJ*",2.000,359.20,89.80,449.00,449.00,-89.80,-0.25000000000000000000
"111-Brown-130","INCI 111 Children’s Puffer Jackets - GREEN / XL *KAMPANJ*",1.000,239.20,59.80,299.00,224.50,14.70,0.06145484949832775920
"157-B-150-2","Inci Tm157 Children’s Puffer Jackets - Brown / 150 *KAMPANJ*",1.000,239.20,59.80,299.00,224.50,14.70,0.06145484949832775920
"1668-D-US","High-Performance 1668 Compression Leggings for ... - Default / Universal Size *KAMPANJ*",14.000,805.60,201.40,1007.00,445.50,360.10,0.44699602780536246276
"2016-Beige-2XL","INCI 2016 Women’s Puffer Jackets - Beige / 2XL *KAMPANJ*",0.000,0.00,0.00,0.00,349.50,-349.50,
"2016-Beige-L","INCI 2016 Women’s Puffer Jackets - Beige / L *KAMPANJ*",2.000,798.40,199.60,998.00,699.00,99.40,0.12449899799599198397
"2016-Beige-M","INCI 2016 Women’s Puffer Jackets - Beige / 3XL *KAMPANJ*",2.000,798.40,199.60,998.00,0.00,798.40,1.00000000000000000000
"2016-Black-L","INCI 2016 Women’s Puffer Jackets - Black / L *KAMPANJ*",1.000,399.20,99.80,499.00,349.50,49.70,0.12449899799599198397
"2016-White-2XL","INCI 2016 Women’s Puffer Jackets - White / 2XL *KAMPANJ*",1.000,399.20,99.80,499.00,349.50,49.70,0.12449899799599198397
"2016-White-XL","INCI 2016 Women’s Puffer Jackets - White / XL *KAMPANJ*",1.000,399.20,99.80,499.00,0.00,399.20,1.00000000000000000000
"20241027-1001-01-03","Model 1001 Women Long Jackets - Black / L *KAMPANJ*",1.000,559.20,139.80,699.00,899.25,-340.05,-0.60810085836909871245
"20241027-1001-02-05","Model 1001 Women Long Jackets - Grey / 2XL *KAMPANJ*",1.000,559.20,139.80,699.00,0.00,559.20,1.00000000000000000000
"20241027-1002-01-01","Model 1002 Women’s Coat - Black / S *KAMPANJ*",1.000,400.00,100.00,500.00,449.25,-49.25,-0.12312500000000000000
"20241027-1002-02-01","Model 1002 Women’s Coat - Grey / S *KAMPANJ*",1.000,399.20,99.80,499.00,0.00,399.20,1.00000000000000000000
"20241027-1008-05-03","Model 1008 Women’s Coat - Beige / L",1.000,959.20,239.80,1199.00,0.00,959.20,1.00000000000000000000
"20241027-1010-02-01","Model 1010 Women Long Coat - Grey / S",1.000,960.00,240.00,1200.00,0.00,960.00,1.00000000000000000000
"20241027-1011-01-01","Model 1011 Women’s Coat - Black / S *KAMPANJ*",1.000,320.00,80.00,400.00,899.25,-579.25,-1.8101562500000000
"20241027-1013-05-06","Model 1013 Women’s Coat - Beige / 3XL",1.000,960.00,240.00,1200.00,0.00,960.00,1.00000000000000000000
"20241027-1014-01-03","Model 1014 Women Long Coat - Black / L *KAMPANJ*",1.000,399.20,99.80,499.00,599.25,-200.05,-0.50112725450901803607
"20241027-1014-01-04","Model 1014 Women Long Coat - Black / XL *KAMPANJ*",1.000,399.20,99.80,499.00,599.25,-200.05,-0.50112725450901803607
"20241027-1014-02-05","Model 1014 Women Long Coat - Grey / 2XL *KAMPANJ*",1.000,399.20,99.80,499.00,599.25,-200.05,-0.50112725450901803607
"20241027-1017-03-01","Model 1017 Women Long Coat - Brown / S *KAMPANJ*",1.000,399.20,99.80,499.00,599.25,-200.05,-0.50112725450901803607
"20241027-1017-10-06","Model 1017 Women Long Coat - Dark Grey / 3XL *KAMPANJ*",2.000,798.40,199.60,998.00,599.25,199.15,0.24943637274549098196
"20241027-1018-01-01","Model 1018 Women Long Jackets - Black / S",1.000,800.00,200.00,1000.00,0.00,800.00,1.00000000000000000000
"20241027-1019-01-01","Model 1019 Women’s Coat - Black / S *KAMPANJ*",1.000,400.00,100.00,500.00,899.25,-499.25,-1.2481250000000000
"20241027-1019-01-05","Model 1019 Women’s Coat - Black / 2XL *KAMPANJ*",1.000,719.20,179.80,899.00,899.25,-180.05,-0.25034760845383759733
"20241027-1020-01-03","Model 1020 Women’s Coat - Black / L *KAMPANJ*",1.000,399.20,99.80,499.00,299.25,99.95,0.25037575150300601202
"20241027-1020-01-04","Model 1020 Women’s Coat - Black / XL *KAMPANJ*",1.000,399.20,99.80,499.00,299.25,99.95,0.25037575150300601202
"20241027-1021-01-01","Model 1021 Women’s Coat - Black / S",1.000,799.20,199.80,999.00,0.00,799.20,1.00000000000000000000
"20241027-1022-01-02","Model 1022 Women’s Coat - Black / M *KAMPANJ*",1.000,399.20,99.80,499.00,389.25,9.95,0.02492484969939879760
"20241027-1023-02-05","Model 1023 Women’s Coat - Grey / 2XL *KAMPANJ*",1.000,399.20,99.80,499.00,0.00,399.20,1.00000000000000000000
"20241027-1024-04-03","Model 1024 Women’s Coat - Amber / L *KAMPANJ*",1.000,399.20,99.80,499.00,389.25,9.95,0.02492484969939879760
"20241027-1025-02-04","Model 1025 Women’s Coat - Grey / XL *KAMPANJ*",1.000,519.20,129.80,649.00,389.25,129.95,0.25028890600924499230
"20241027-1026-01-01","Model 1026 Women’s Coat - Black / S *KAMPANJ*",1.000,559.20,139.80,699.00,749.25,-190.05,-0.33986051502145922747
"20241027-1027-05-02","Model 1027 Women’s Coat - Beige / M *KAMPANJ*",1.000,719.20,179.80,899.00,749.25,-30.05,-0.04178253615127919911
"20241027-1027-10-03","Model 1027 Women’s Coat - Dark Grey / L *KAMPANJ*",1.000,719.20,179.80,899.00,749.25,-30.05,-0.04178253615127919911
"20241027-1027-15-05","Model 1027 Women’s Coat - Pink / 2XL *KAMPANJ*",1.000,639.20,159.80,799.00,0.00,639.20,1.00000000000000000000
"20241027-1028-01-01","Model 1028 Women’s Coat - Black / S *KAMPANJ*",1.000,480.00,120.00,600.00,749.25,-269.25,-0.56093750000000000000
"20241030-1029-01-03","Model 1029 Women’s Jackets - Black / L *KAMPANJ*",1.000,399.20,99.80,499.00,374.25,24.95,0.06250000000000000000
"20241030-1029-05-03","Model 1029 Women’s Jackets - White / L *KAMPANJ*",1.000,239.20,59.80,299.00,0.00,239.20,1.00000000000000000000
"20241030-1030-03-03","Model 1030 Women’s Coat - Turquoise / L *KAMPANJ*",1.000,399.20,99.80,499.00,0.00,399.20,1.00000000000000000000
"20241030-1031-01-01","Model 1031 Women’s Coat - Grey / S *KAMPANJ*",1.000,638.40,159.60,798.00,299.25,339.15,0.53125000000000000000
"20241030-1032-01-01","Model 1032 Women’s Coat - Black / S *KAMPANJ*",1.000,399.20,99.80,499.00,453.75,-54.55,-0.13664829659318637275
"20241030-1032-01-02","Model 1032 Women’s Coat - Black / M *KAMPANJ*",1.000,399.20,99.80,499.00,453.75,-54.55,-0.13664829659318637275
"20241030-1032-05-03","Model 1032 Women’s Coat - Pink / L *KAMPANJ*",1.000,399.20,99.80,499.00,453.75,-54.55,-0.13664829659318637275
"20241030-1036-01-01","Model 1036 Women’s Fur Coat Made From 100% Poly... - White / S *KAMPANJ*",1.000,559.20,139.80,699.00,749.25,-190.05,-0.33986051502145922747
"20241030-1036-01-02","Model 1036 Women’s Fur Coat Made From 100% Poly... - White / M *KAMPANJ*",1.000,719.20,179.80,899.00,749.25,-30.05,-0.04178253615127919911
"20241030-1037-03-01","Model 1037 Women Long Coat - Grey / S *KAMPANJ*",1.000,639.20,159.80,799.00,0.00,639.20,1.00000000000000000000
"20241030-1038-01-01","Model 1038 Women Long Coat - Beige / S *KAMPANJ*",1.000,559.20,139.80,699.00,749.25,-190.05,-0.33986051502145922747
"20241030-1040-01-01","Model 1040 Women Long Coat - Beige / S",1.000,1040.00,260.00,1300.00,0.00,1040.00,1.00000000000000000000
"20241030-1040-02-01","Model 1040 Women Long Coat - Black / S *KAMPANJ*",1.000,639.20,159.80,799.00,0.00,639.20,1.00000000000000000000
"20241030-1040-03-02","Model 1040 Women Long Coat - Brown / M *KAMPANJ*",1.000,639.20,159.80,799.00,0.00,639.20,1.00000000000000000000
"20241030-1041-01-03","Model 1041 Women Long Coat Polyester 65 Wool 35 - Black / L *KAMPANJ*",1.000,719.20,179.80,899.00,749.25,-30.05,-0.04178253615127919911
"20241030-1042-02-04","Model 1042 Women Long Coat - Brown / XL *KAMPANJ*",1.000,639.20,159.80,799.00,0.00,639.20,1.00000000000000000000
"20241030-1043-01-03","Model 1043 Women Long Coat - Black / L *KAMPANJ*",1.000,559.20,139.80,699.00,599.25,-40.05,-0.07162017167381974249
"20241030-1045-01-03","Model 1045 Women Long Coat - Beige / L *KAMPANJ*",1.000,559.20,139.80,699.00,389.25,169.95,0.30391630901287553648
"20241030-1048-03-04","Model 1048 Women Long Coat - Purple / XL *KAMPANJ*",1.000,800.00,200.00,1000.00,749.25,50.75,0.06343750000000000000
"20241030-1051-01-02","Model 1051 Women Long Coat - Black / M *KAMPANJ*",1.000,480.00,120.00,600.00,749.25,-269.25,-0.56093750000000000000
"221-Black-5XL","XL 221 Men’s Puffer Jacket - Black / CN 5XL = EU L *KAMPANJ*",1.000,239.20,59.80,299.00,0.00,239.20,1.00000000000000000000
"23280-Beige-2XL","GY582 Women’s Puffer Jackets - Beige / 2XL *KAMPANJ*",1.000,319.20,79.80,399.00,0.00,319.20,1.00000000000000000000
"23280-Black-L","GY582 Women’s Puffer Jackets - Black / L *KAMPANJ*",1.000,239.20,59.80,299.00,249.50,-10.30,-0.04306020066889632107
"23280-Brown-2XL","GY582 Women’s Puffer Jackets - Brown / 2XL *KAMPANJ*",1.000,319.20,79.80,399.00,0.00,319.20,1.00000000000000000000
"24819-Black-2XL","YR2 Men’s Sweaters - Black / CN 2XL = EU M *KAMPANJ*",11.000,791.20,197.80,989.00,447.50,343.70,0.43440343781597573306
"24819-Black-XL","YR2 Men’s Sweaters - Black / CN XL = EU S *KAMPANJ*",1.000,63.20,15.80,79.00,89.50,-26.30,-0.41613924050632911392
"24819-Red-L","YR2 Men’s Sweaters - Grey / CN L = EU XS *KAMPANJ*",1.000,63.20,15.80,79.00,89.50,-26.30,-0.41613924050632911392
"333-Brown-110","INCI 333 Children’s Puffer Jackets - purple / 110 *KAMPANJ*",1.000,239.20,59.80,299.00,0.00,239.20,1.00000000000000000000
"444-Black-110","INCI 444 Children’s Puffer Jackets - Black / M *KAMPANJ*",1.000,239.20,59.80,299.00,0.00,239.20,1.00000000000000000000
"518-Yellow-L","INCI 518 Women’s Puffer Jackets - Light green / L *KAMPANJ*",1.000,79.20,19.80,99.00,349.50,-270.30,-3.4128787878787879
"5860-Black-2XL","GY 5860 Women’s Puffer Jackets - Black / 2XL *KAMPANJ*",1.000,159.20,39.80,199.00,249.50,-90.30,-0.56721105527638190955
"615-BEIGE-36","DY 615 Women’s Slippers - BEIGE / 36 *KAMPANJ*",14.000,892.80,223.20,1116.00,451.50,441.30,0.49428763440860215054
"615-BEIGE-37","DY 615 Women’s Slippers - BEIGE / 37 *KAMPANJ*",18.000,996.00,249.00,1245.00,387.00,609.00,0.61144578313253012048
"615-BEIGE-38","DY 615 Women’s Slippers - BEIGE / 38 *KAMPANJ*",9.000,449.60,112.40,562.00,64.50,385.10,0.85653914590747330961
"615-BEIGE-39","DY 615 Women’s Slippers - BEIGE / 39 *KAMPANJ*",10.000,482.40,120.60,603.00,516.00,-33.60,-0.06965174129353233831
"615-BEIGE-40","DY 615 Women’s Slippers - BEIGE / 40 *KAMPANJ*",3.000,205.60,51.40,257.00,193.50,12.10,0.05885214007782101167
"615-BEIGE-41","DY 615 Women’s Slippers - BEIGE / 41 *KAMPANJ*",3.000,237.60,59.40,297.00,193.50,44.10,0.18560606060606060606
"615-BLACK-37","DY 615 Women’s Slippers - BLACK / 37 *KAMPANJ*",1.000,0.00,0.00,0.00,64.50,-64.50,
"615-BLACK-40","DY 615 Women’s Slippers - BLACK / 40 *KAMPANJ*",1.000,103.20,25.80,129.00,0.00,103.20,1.00000000000000000000
"615-BROWN-38","DY 615 Women’s Slippers - WHITE / 38 *KAMPANJ*",1.000,79.20,19.80,99.00,64.50,14.70,0.18560606060606060606
"622-BLACK-36","HZ CM20 Women’s Sneakers - RED / 36 *KAMPANJ*",2.000,142.40,35.60,178.00,49.50,92.90,0.65238764044943820225
"625-BLACK-40","HZ 8686 Women’s Sneakers - BLACK / 40 *KAMPANJ*",1.000,63.20,15.80,79.00,49.50,13.70,0.21677215189873417722
"6332-BEIGE-36","CHW 6332 Women’s Sneakers - BEIGE / 36 *KAMPANJ*",1.000,239.20,59.80,299.00,149.50,89.70,0.37500000000000000000
"6607-D-US","6607 Leggings For Everyday Wear - Default / Universal Size *KAMPANJ*",15.000,940.00,235.00,1175.00,693.00,247.00,0.26276595744680851064
"708-RED-39","HZ 708 Women’s Sneakers - RED / 39 *KAMPANJ*",1.000,63.20,15.80,79.00,84.50,-21.30,-0.33702531645569620253
"71602-BEIGE-36","DY 71602 Women’s Slippers - BEIGE / 36 *KAMPANJ*",0.000,0.00,0.00,0.00,0.00,0.00,
"836-Black-L","INCI 836 Women’s Puffer Jackets - Black / L *KAMPANJ*",1.000,239.20,59.80,299.00,349.50,-110.30,-0.46112040133779264214
"836-Black-XL","INCI 836 Women’s Puffer Jackets - Black / XL *KAMPANJ*",2.000,558.40,139.60,698.00,349.50,208.90,0.37410458452722063037
"837-BLACK-39","HZ 837 Men’s Sneakers - BLACK / 39 *KAMPANJ*",1.000,79.20,19.80,99.00,0.00,79.20,1.00000000000000000000
"837-Black-M","INCI 837 Women’s Puffer Jackets - Black / M *KAMPANJ*",2.000,718.40,179.60,898.00,0.00,718.40,1.00000000000000000000
"837-Black-S","INCI 837 Women’s Puffer Jackets - Black / 2XL *KAMPANJ*",1.000,319.20,79.80,399.00,0.00,319.20,1.00000000000000000000
"837-Black-XL","INCI 837 Women’s Puffer Jackets - Black / XL *KAMPANJ*",1.000,319.20,79.80,399.00,0.00,319.20,1.00000000000000000000
"837-BROWN-43","HZ 837 Men’s Sneakers - BROWN / 43 *KAMPANJ*",1.000,79.20,19.80,99.00,0.00,79.20,1.00000000000000000000
"85550-Grey-2XL","GY 85550 Women’s Puffer Jackets - White / 2XL *KAMPANJ*",1.000,239.20,59.80,299.00,0.00,239.20,1.00000000000000000000
"868-8-RED-38","HZ 868-8 Women’s Sneakers - RED / 38 *KAMPANJ*",1.000,63.20,15.80,79.00,49.50,13.70,0.21677215189873417722
"868-Beige-2XL","GY1 Women’s Puffer Jackets - Beige / 2XL *KAMPANJ*",6.000,955.20,238.80,1194.00,1497.00,-541.80,-0.56721105527638190955
"868-Beige-L","GY1 Women’s Puffer Jackets - Beige / L *KAMPANJ*",3.000,557.60,139.40,697.00,748.50,-190.90,-0.34236011477761836442
"868-Beige-M","GY1 Women’s Puffer Jackets - Beige / 4XL *KAMPANJ*",2.000,318.40,79.60,398.00,499.00,-180.60,-0.56721105527638190955
"868-Beige-S","GY1 Women’s Puffer Jackets - Beige / 3XL *KAMPANJ*",2.000,398.40,99.60,498.00,249.50,148.90,0.37374497991967871486
"868-Beige-XL","GY1 Women’s Puffer Jackets - Beige / XL *KAMPANJ*",1.000,159.20,39.80,199.00,249.50,-90.30,-0.56721105527638190955
"868-Black-2XL","GY1 Women’s Puffer Jackets - Black / 2XL *KAMPANJ*",1.000,319.20,79.80,399.00,249.50,69.70,0.21835839598997493734
"868-Brown-L","GY1 Women’s Puffer Jackets - Green / L *KAMPANJ*",1.000,159.20,39.80,199.00,249.50,-90.30,-0.56721105527638190955
"868-Brown-XL","GY1 Women’s Puffer Jackets - Green / XL *KAMPANJ*",1.000,239.20,59.80,299.00,249.50,-10.30,-0.04306020066889632107
"868-Grey-2XL","GY1 Women’s Puffer Jackets - Pink / 2XL *KAMPANJ*",1.000,159.20,39.80,199.00,249.50,-90.30,-0.56721105527638190955
"88006-Beige-L","GY24 Women’s Puffer Jackets - White / L *KAMPANJ*",1.000,319.20,79.80,399.00,0.00,319.20,1.00000000000000000000
"8805-Black-5XL","XL 8805 Men’s Puffer Jacket - Black / CN 5XL = EU XL *KAMPANJ*",0.000,0.00,0.00,0.00,0.00,0.00,
"8805-DarkBlue-5XL","XL 8805 Men’s Puffer Jacket - Dark Blue / CN 5XL = EU XL *KAMPANJ*",1.000,239.20,59.80,299.00,199.50,39.70,0.16596989966555183946
"8806-Brown-L","GY 8306 - Pink / L   *KAMPANJ*",1.000,183.20,45.80,229.00,249.50,-66.30,-0.36189956331877729258
"8806-Grey-3XL","XL 8806 Men’s Puffer Jacket - Green / CN 3XL = EU M *KAMPANJ*",1.000,239.20,59.80,299.00,0.00,239.20,1.00000000000000000000
"8810-Grey-M","GY 8810 Women’s Puffer Jackets - Green / 3XL *KAMPANJ*",1.000,159.20,39.80,199.00,249.50,-90.30,-0.56721105527638190955
"886-Beige-L","GY 886 Women’s Puffer Jackets - Beige / L *KAMPANJ*",1.000,239.20,59.80,299.00,249.50,-10.30,-0.04306020066889632107
"886-Black-2XL","GY 886 Women’s Puffer Jackets - Black / 2XL *KAMPANJ*",1.000,159.20,39.80,199.00,249.50,-90.30,-0.56721105527638190955
"886-Black-L","GY 886 Women’s Puffer Jackets - Black / L *KAMPANJ*",1.000,239.20,59.80,299.00,249.50,-10.30,-0.04306020066889632107
"886-Black-M","GY 886 Women’s Puffer Jackets - Black / M *KAMPANJ*",0.000,0.00,0.00,0.00,0.00,0.00,
"886-Black-XL","GY 886 Women’s Puffer Jackets - Black / XL *KAMPANJ*",1.000,239.20,59.80,299.00,249.50,-10.30,-0.04306020066889632107
"8875-Black-L","INCI 8875 Women’s Puffer Jacket - Black / L *KAMPANJ*",1.000,719.20,179.80,899.00,649.50,69.70,0.09691323692992213571
"8890-Beige-2XL","GY 889 Women’s Puffer Jackets - Beige / 2XL *KAMPANJ*",1.000,159.20,39.80,199.00,249.50,-90.30,-0.56721105527638190955
"8890-Beige-M","GY 889 Women’s Puffer Jackets - Beige / 3XL *KAMPANJ*",1.000,239.20,59.80,299.00,249.50,-10.30,-0.04306020066889632107
"8890-Black-M","GY 889 Women’s Puffer Jackets - Black / 3XL *KAMPANJ*",1.000,319.20,79.80,399.00,0.00,319.20,1.00000000000000000000
"895599-Black-2XL","XL 895599 Men’s Puffer Jacket - Black / CN 2XL = EU M *KAMPANJ*",2.000,398.40,99.60,498.00,499.00,-100.60,-0.25251004016064257028
"9011-BEIGE-39","HZ F9373/7M Men’s Sneakers - GRY / 39 *KAMPANJ*",3.000,237.60,59.40,297.00,0.00,237.60,1.00000000000000000000
"9011-BLACK-42","HZ F9373/7M Men’s Sneakers - BLACK / 42 *KAMPANJ*",1.000,79.20,19.80,99.00,0.00,79.20,1.00000000000000000000
"970-D-US","High-Performance 970 Leggings for Ultimate Comfort - Default / Universal Size *KAMPANJ*",16.000,995.20,248.80,1244.00,747.00,248.20,0.24939710610932475884
"98-17-BROWN-39","HZ 98-17 Men’s Sneakers - BROWN / 39 *KAMPANJ*",23.000,1578.40,394.60,1973.00,760.50,817.90,0.51818297009630005068
"98-17-BROWN-40","HZ 98-17 Men’s Sneakers - BROWN / 40 *KAMPANJ*",16.000,1012.00,253.00,1265.00,1014.00,-2.00,-0.00197628458498023715
"98-17-BROWN-41","HZ 98-17 Men’s Sneakers - BROWN / 41 *KAMPANJ*",4.000,237.60,59.40,297.00,0.00,237.60,1.00000000000000000000
"98-17-BROWN-42","HZ 98-17 Men’s Sneakers - BROWN / 42 *KAMPANJ*",3.000,237.60,59.40,297.00,0.00,237.60,1.00000000000000000000
"98-17-BROWN-43","HZ 98-17 Men’s Sneakers - BROWN / 43 *KAMPANJ*",7.000,538.40,134.60,673.00,507.00,31.40,0.05832095096582466568
"98-17-KHAKI-39","HZ 98-17 Men’s Sneakers - Black / 39 *KAMPANJ*",1.000,79.20,19.80,99.00,84.50,-5.30,-0.06691919191919191919
"98-17-KHAKI-41","HZ 98-17 Men’s Sneakers - Black / 41 *KAMPANJ*",1.000,63.20,15.80,79.00,84.50,-21.30,-0.33702531645569620253
"98-6-BLACK-39","HZ 98-6 Men’s Sneakers - BLACK / 39 *KAMPANJ*",3.000,159.20,39.80,199.00,0.00,159.20,1.00000000000000000000
"98-6-GREY-40","HZ 98-6 Men’s Sneakers - GREY / 40 *KAMPANJ*",1.000,63.20,15.80,79.00,49.50,13.70,0.21677215189873417722
"9901-D-US","Comfortable 9901 Leggings for Everyday Wear and... - Default / Universal Size *KAMPANJ*",8.000,442.40,110.60,553.00,236.00,206.40,0.46654611211573236890
"9903-D-US","9903 Leggings for Comfort and Flexibility - Default / Universal Size *KAMPANJ*",7.000,379.20,94.80,474.00,206.50,172.70,0.45543248945147679325
"9956-D-US","9956 Leggings for Comfort and Fashionable Fit - Default / Universal Size *KAMPANJ*",2.000,63.20,15.80,79.00,99.00,-35.80,-0.56645569620253164557
"99851-Beige-2XL","GY 998 Women’s Puffer Jackets - Beige / 2XL *KAMPANJ*",2.000,318.40,79.60,398.00,499.00,-180.60,-0.56721105527638190955
"99851-Black-2XL","GY 998 Women’s Puffer Jackets - Black / 2XL *KAMPANJ*",1.000,239.20,59.80,299.00,0.00,239.20,1.00000000000000000000
"9988-Grey-XL","XL 9988 Men’s Puffer Jacket - Grey / CN XL = EU M *KAMPANJ*",1.000,239.20,59.80,299.00,0.00,239.20,1.00000000000000000000
"AC10-BLACK-38","CHW AC10 Women’s Sneakers - BLACK / 38 *KAMPANJ*",3.000,525.60,131.40,657.00,299.00,226.60,0.43112633181126331811
"AC10-BLACK-40","CHW AC10 Women’s Sneakers - BLACK / 40 *KAMPANJ*",1.000,143.20,35.80,179.00,149.50,-6.30,-0.04399441340782122905
"AC10-GREY-38","CHW AC10 Women’s Sneakers - GREY / 38 *KAMPANJ*",1.000,143.20,35.80,179.00,149.50,-6.30,-0.04399441340782122905
"AC-A-US","AC Top Wool - Amber / Universal Size *KAMPANJ*",3.000,478.40,119.60,598.00,598.50,-120.10,-0.25104515050167224080
"AC-C-US","AC Top Wool - Choco / Universal Size *KAMPANJ*",3.000,478.40,119.60,598.00,598.50,-120.10,-0.25104515050167224080
"AC-C-US-3","AC 896 Women’s Fur-Trimmed Wool and Polyester Tops - Choco / Universal Size *KAMPANJ*",1.000,0.00,0.00,0.00,0.00,0.00,
"AD225-Beige-L","MG AD225 Women’s Sporty Winter Tracksuit - RED / L *KAMPANJ*",6.000,956.80,239.20,1196.00,0.00,956.80,1.00000000000000000000
"AD225-Beige-M","MG AD225 Women’s Sporty Winter Tracksuit - RED / M *KAMPANJ*",4.000,716.80,179.20,896.00,199.50,517.30,0.72167968750000000000
"AD225-Beige-XL","MG AD225 Women’s Sporty Winter Tracksuit - RED / XL *KAMPANJ*",1.000,159.20,39.80,199.00,0.00,159.20,1.00000000000000000000
"AD225-Black-M","MG AD225 Women’s Sporty Winter Tracksuit - Black / M *KAMPANJ*",1.000,159.20,39.80,199.00,0.00,159.20,1.00000000000000000000
"AD225-Grey-L","MG AD225 Women’s Sporty Winter Tracksuit - Grey / L *KAMPANJ*",1.000,159.20,39.80,199.00,0.00,159.20,1.00000000000000000000
"AD256-Beige-L","MG AD256 Women’s Sporty Winter Tracksuit - RED / L *KAMPANJ*",2.000,318.40,79.60,398.00,0.00,318.40,1.00000000000000000000
"AD256-Grey-M","MG AD256 Women’s Sporty Winter Tracksuit - Grey / M *KAMPANJ*",2.000,318.40,79.60,398.00,0.00,318.40,1.00000000000000000000
"AF06-KHAKI-39","CHW AF06 Women’s Sneakers - KHAKI / 39 *KAMPANJ*",1.000,159.20,39.80,199.00,0.00,159.20,1.00000000000000000000
"AF06-KHAKI-40","CHW AF06 Women’s Sneakers - KHAKI / 40 *KAMPANJ*",1.000,239.20,59.80,299.00,149.50,89.70,0.37500000000000000000
"ALEX-129","ALEX Women's Collection - Luxury Style $129 - S *KAMPANJ*",24.000,2330.40,582.60,2913.00,0.00,2330.40,1.00000000000000000000
"ALEX-149","ALEX Women's Collection - Signature Style $149 - S *KAMPANJ*",1.000,159.20,39.80,199.00,0.00,159.20,1.00000000000000000000
"ALEX-49","ALEX Women's Collection - Premium Style $49 - S *KAMPANJ*",20.000,712.00,178.00,890.00,0.00,712.00,1.00000000000000000000
"ALEX-79","ALEX Women's Collection - Designer Style $79 - S *KAMPANJ*",25.000,1293.60,323.40,1617.00,0.00,1293.60,1.00000000000000000000
"ALEX-99","ALEX Women's Collection - Exclusive Style $99 - S *KAMPANJ*",8.000,713.60,178.40,892.00,0.00,713.60,1.00000000000000000000
"ALEX-D-US","Alex - Default / Universal Size *KAMPANJ*",117.000,5866.40,1466.60,7333.00,7125.00,-1258.60,-0.21454384290195008864
"BAJ318-Beige-2XL","G2 BAJ318 SUMMER Men’s Sporty Tracksuit - Beige / 2XL *KAMPANJ*",3.000,597.60,149.40,747.00,748.50,-150.90,-0.25251004016064257028
"BAJ318-Beige-3XL","G2 BAJ318 SUMMER Men’s Sporty Tracksuit - Beige / 3XL *KAMPANJ*",5.000,1100.00,275.00,1375.00,998.00,102.00,0.09272727272727272727
"BAJ318-Beige-L","G2 BAJ318 SUMMER Men’s Sporty Tracksuit - Beige / L *KAMPANJ*",2.000,240.00,60.00,300.00,499.00,-259.00,-1.0791666666666667
"BAJ318-Beige-M","G2 BAJ318 SUMMER Men’s Sporty Tracksuit - Beige / M *KAMPANJ*",3.000,598.40,149.60,748.00,249.50,348.90,0.58305481283422459893
"BAJ50-Beige-L","G2 BAJ50 Men’s Sporty Multi Season Tracksuit Set - Beige / L *KAMPANJ*",1.000,239.20,59.80,299.00,0.00,239.20,1.00000000000000000000
"BAJ50-Grey-M","G2 BAJ50 Men’s Sporty Multi Season Tracksuit Set - Grey / M *KAMPANJ*",2.000,478.40,119.60,598.00,0.00,478.40,1.00000000000000000000
"BAJ50-L-XL","G2 BAJ50 Men’s Sporty Multi Season Tracksuit Set - L grey / XL *KAMPANJ*",3.000,637.60,159.40,797.00,499.00,138.60,0.21737766624843161857
"BAJ51-Beige-XL","G2 BAJ51 Men’s Sporty Multi Season Tracksuit Set - White / XL *KAMPANJ*",2.000,478.40,119.60,598.00,0.00,478.40,1.00000000000000000000
"BAJ52-Beige-L","G2 BAJ52 Men’s Sporty Multi Season Tracksuit - Beige / L *KAMPANJ*",1.000,239.20,59.80,299.00,0.00,239.20,1.00000000000000000000
"BAJ53-Beige-L","G2 BAJ53 Men’s Sporty Multi Season Tracksuit - Beige / L *KAMPANJ*",1.000,239.20,59.80,299.00,0.00,239.20,1.00000000000000000000
"C191-BLACK-40","CH C191 Men’s Sneakers - BLACK / 40 *KAMPANJ*",1.000,143.20,35.80,179.00,149.50,-6.30,-0.04399441340782122905
"C191-BLACK-43","CH C191 Men’s Sneakers - BLACK / 43 *KAMPANJ*",1.000,159.20,39.80,199.00,0.00,159.20,1.00000000000000000000
"C196-BLACK-44","CH C196 Men’s Sneakers - BLACK / 44 *KAMPANJ*",0.000,0.00,0.00,0.00,0.00,0.00,
"CF2-P-US","CF2 Sweater Women’s - Purple / Universal Size *KAMPANJ*",4.000,572.80,143.20,716.00,598.00,-25.20,-0.04399441340782122905
"CF2-P-US-2","CF2 Sweater Women’s - Pink / Universal Size *KAMPANJ*",2.000,207.20,51.80,259.00,299.00,-91.80,-0.44305019305019305019
"CF3-G-US","CF3 Sweater Women’s - Gray / Universal Size *KAMPANJ*",1.000,143.20,35.80,179.00,0.00,143.20,1.00000000000000000000
"CF3-P-US-2","CF3 Sweater Women’s - Purple / Universal Size *KAMPANJ*",1.000,143.20,35.80,179.00,0.00,143.20,1.00000000000000000000
"CF5-B-US","CF5 Women’s Knit Sweater - Black / Universal Size *KAMPANJ*",1.000,199.20,49.80,249.00,149.50,49.70,0.24949799196787148594
"CHB335-Beige-13-14","MG CHB335 Childrens Sporty Winter Tracksuit - Beige / 13-14 *KAMPANJ*",1.000,159.20,39.80,199.00,164.50,-5.30,-0.03329145728643216080
"CHB335-Brown-15-16","MG CHB335 Childrens Sporty Winter Tracksuit - Brown / 15-16 *KAMPANJ*",1.000,135.20,33.80,169.00,164.50,-29.30,-0.21671597633136094675
"CHB335-Grey-11-12","MG CHB335 Childrens Sporty Winter Tracksuit - Grey / 11-12 *KAMPANJ*",1.000,135.20,33.80,169.00,164.50,-29.30,-0.21671597633136094675
"CK22-BLACK-37","CHW CK22 Women’s Sneakers - BLACK / 37 *KAMPANJ*",1.000,159.20,39.80,199.00,0.00,159.20,1.00000000000000000000
"CK22-BLACK-38","CHW CK22 Women’s Sneakers - BLACK / 38 *KAMPANJ*",1.000,239.20,59.80,299.00,149.50,89.70,0.37500000000000000000
"D8666-10-Louis-Brown","MS D8666-10 Women'S Handbag - Brown *KAMPANJ*",20.000,1512.80,378.20,1891.00,1393.00,119.80,0.07919090428344791116
"D8666-22-Black","MS D8666-22 Women's Handbag - Black *KAMPANJ*",17.000,941.60,235.40,1177.00,995.00,-53.40,-0.05671197960917587086
"DL596-Beige-OneSize","MG DL596 Women’s Sporty Long Cotton Dress - Beige / One Size *KAMPANJ*",1.000,239.20,59.80,299.00,0.00,239.20,1.00000000000000000000
"DL596-Black-OneSize","MG DL596 Women’s Sporty Long Cotton Dress - Black / One Size *KAMPANJ*",6.000,1115.20,278.80,1394.00,329.00,786.20,0.70498565279770444763
"DL596-Brown-OneSize","MG DL596 Women’s Sporty Long Cotton Dress - Pink / One Size *KAMPANJ*",3.000,557.60,139.40,697.00,329.00,228.60,0.40997130559540889527
"DL596-G-OS","MG DL596 Women’s Sporty Long Cotton Dress - Green / One Size *KAMPANJ*",1.000,199.20,49.80,249.00,164.50,34.70,0.17419678714859437751
"DV507-Beige-M","MG DV507 Women’s Sporty Winter Tracksuit - Beige / M *KAMPANJ*",2.000,294.40,73.60,368.00,499.00,-204.60,-0.69497282608695652174
"DV507-Grey-L","MG DV507 Women’s Sporty Winter Tracksuit - Grey / L *KAMPANJ*",2.000,518.40,129.60,648.00,499.00,19.40,0.03742283950617283951
"EE06-GREY-39","CHW EE06 Women’s Sneakers - GREY / 39 *KAMPANJ*",1.000,159.20,39.80,199.00,0.00,159.20,1.00000000000000000000
"EE06-PINK-36","CHW EE06 Women’s Sneakers - PINK / 36 *KAMPANJ*",1.000,159.20,39.80,199.00,0.00,159.20,1.00000000000000000000
"G8666-112","Icon Handbag G8666-112 *KAMPANJ*",2.000,298.40,74.60,373.00,0.00,298.40,1.00000000000000000000
"G8666-31-London-Brown","MS G8666-31 Women's Handbag - Brown *KAMPANJ*",7.000,332.00,83.00,415.00,497.50,-165.50,-0.49849397590361445783
"G8666-38-Coffee","MS G8666-38 Women's Handbag - Coffee *KAMPANJ*",2.000,126.40,31.60,158.00,199.00,-72.60,-0.57436708860759493671
"G8666-40-Khaki","MS G8666-40 Women's Handbag and Functional Design - Khaki *KAMPANJ*",1.000,119.20,29.80,149.00,99.50,19.70,0.16526845637583892617
"G8666-4-Milk-Coffee","MS G8666-4 Women's Handbag - Milk Coffee *KAMPANJ*",3.000,63.20,15.80,79.00,199.00,-135.80,-2.1487341772151899
"G8666-55","Icon Handbag G8666-55 *KAMPANJ*",1.000,159.20,39.80,199.00,0.00,159.20,1.00000000000000000000
"G8666-57-CHOCOLATE","MS G8666-57 Women'S Handbag - Chocolate *KAMPANJ*",1.000,79.20,19.80,99.00,0.00,79.20,1.00000000000000000000
"GD303-Beige-M","MG GD303 Women’s Sporty Winter Tracksuit - Green / M *KAMPANJ*",2.000,398.40,99.60,498.00,0.00,398.40,1.00000000000000000000
"GD303-Beige-XL","MG GD303 Women’s Sporty Winter Tracksuit - Green / XL *KAMPANJ*",5.000,956.00,239.00,1195.00,0.00,956.00,1.00000000000000000000
"GD303-Black-L","MG GD303 Women’s Sporty Winter Tracksuit - Black / L *KAMPANJ*",2.000,318.40,79.60,398.00,0.00,318.40,1.00000000000000000000
"GD303-Black-M","MG GD303 Women’s Sporty Winter Tracksuit - Black / M *KAMPANJ*",1.000,159.20,39.80,199.00,199.50,-40.30,-0.25314070351758793970
"GD303-Black-XL","MG GD303 Women’s Sporty Winter Tracksuit - Black / XL *KAMPANJ*",1.000,159.20,39.80,199.00,0.00,159.20,1.00000000000000000000
"GD303-Grey-M","MG GD303 Women’s Sporty Winter Tracksuit - Grey / M *KAMPANJ*",1.000,159.20,39.80,199.00,0.00,159.20,1.00000000000000000000
"GD576-Brown-L","MG GD576 Women’s Sporty Winter Tracksuit - Brown / L *KAMPANJ*",1.000,159.20,39.80,199.00,0.00,159.20,1.00000000000000000000
"GD576-Grey-L","MG GD576 Women’s Sporty Winter Tracksuit - Grey / L *KAMPANJ*",1.000,159.20,39.80,199.00,0.00,159.20,1.00000000000000000000
"GDB303-Beige-11-12","MG GDB303 Children’s Sporty Winter Tracksuit fo... - Green / 11-12 *KAMPANJ*",1.000,159.20,39.80,199.00,0.00,159.20,1.00000000000000000000
"GDB303-Beige-15-16","MG GDB303 Children’s Sporty Winter Tracksuit fo... - Green / 15-16 *KAMPANJ*",1.000,159.20,39.80,199.00,0.00,159.20,1.00000000000000000000
"GDB303-Beige-9-10","MG GDB303 Children’s Sporty Winter Tracksuit fo... - Green / 9-10 *KAMPANJ*",1.000,159.20,39.80,199.00,0.00,159.20,1.00000000000000000000
"GDB303-Brown-11-12","MG GDB303 Children’s Sporty Winter Tracksuit fo... - Brown / 11-12 *KAMPANJ*",1.000,239.20,59.80,299.00,0.00,239.20,1.00000000000000000000
"GDB303-Grey-13-14","MG GDB303 Children’s Sporty Winter Tracksuit fo... - Grey / 13-14 *KAMPANJ*",1.000,159.20,39.80,199.00,0.00,159.20,1.00000000000000000000
"GDB576-Beige-11-12","MG GDB576 Children’s Sporty Winter Tracksuit fo... - Green / 11-12 *KAMPANJ*",2.000,318.40,79.60,398.00,0.00,318.40,1.00000000000000000000
"GDB576-Black-15-16","MG GDB576 Children’s Sporty Winter Tracksuit fo... - Black / 15-16 *KAMPANJ*",0.000,0.00,0.00,0.00,0.00,0.00,
"GENSKU_0","Alex 2 - Default / Universal Size *KAMPANJ*",1.000,79.20,19.80,99.00,24.50,54.70,0.69065656565656565657
"IS-PE178-S4","ISMASH Lady's Dress PE178 - S *KAMPANJ*",2.000,798.40,199.60,998.00,0.00,798.40,1.00000000000000000000
"IS-PE920-S4","PE920 Blazer only Jacket - S *KAMPANJ*",2.000,718.40,179.60,898.00,0.00,718.40,1.00000000000000000000
"JP1-B-US","JP1 Fur Jackets and Elegance - Brown / Universal Size *KAMPANJ*",1.000,263.20,65.80,329.00,214.50,48.70,0.18503039513677811550
"JP1-B-US-2","JP1 Fur Jackets and Elegance - Beige / Universal Size *KAMPANJ*",3.000,477.60,119.40,597.00,643.50,-165.90,-0.34736180904522613065
"JP1-W-US","JP1 Fur Jackets and Elegance - White / Universal Size *KAMPANJ*",1.000,319.20,79.80,399.00,0.00,319.20,1.00000000000000000000
"JP2-B-US-3","JP2 Black Vest Jackets - Brown / Universal Size *KAMPANJ*",1.000,239.20,59.80,299.00,0.00,239.20,1.00000000000000000000
"JSN-2975","Elegant Stainless Steel Necklaces Collection - 1 Year Guarantee - JSN-2975 *KAMPANJ*",1.000,159.20,39.80,199.00,0.00,159.20,1.00000000000000000000
"JSN-5980","Elegant Stainless Steel Necklaces Collection - 1 Year Guarantee - JSN-5980 *KAMPANJ*",2.000,318.40,79.60,398.00,0.00,318.40,1.00000000000000000000
"JSR-2861","Premium Stainless Steel Rings Collection - 1 Year Guarantee - JSR-2861 *KAMPANJ*",13.000,950.40,237.60,1188.00,0.00,950.40,1.00000000000000000000
"JSR-4937","Premium Stainless Steel Rings Collection - 1 Year Guarantee - JSR-4937 *KAMPANJ*",4.000,305.60,76.40,382.00,0.00,305.60,1.00000000000000000000
"JSR-5109","Premium Stainless Steel Rings Collection - 1 Year Guarantee - JSR-5109 *KAMPANJ*",4.000,277.60,69.40,347.00,0.00,277.60,1.00000000000000000000
"JSR-9453","Premium Stainless Steel Rings Collection - 1 Year Guarantee - JSR-9453 *KAMPANJ*",1.000,39.20,9.80,49.00,0.00,39.20,1.00000000000000000000
"JSS-2617","Complete Stainless Steel Jewelry Sets - 1 Year Guarantee - JSS-2617 *KAMPANJ*",1.000,159.20,39.80,199.00,0.00,159.20,1.00000000000000000000
"jy-womens-summer-dresses-collection-406-pcs-BEI-XL","JY Women's Summer Dresses Collection (406 pcs) - Beige / XL *KAMPANJ*",2.000,358.40,89.60,448.00,0.00,358.40,1.00000000000000000000
"kids-pajama-01-BRO-100","Dreamland PJ 01 - Brown / 100 *KAMPANJ*",1.000,159.20,39.80,199.00,0.00,159.20,1.00000000000000000000
"kids-pajama-01-BRO-110","Dreamland PJ 01 - Brown / 110 *KAMPANJ*",2.000,318.40,79.60,398.00,0.00,318.40,1.00000000000000000000
"kids-pajama-01-BRO-120","Dreamland PJ 01 - Brown / 120 *KAMPANJ*",2.000,318.40,79.60,398.00,0.00,318.40,1.00000000000000000000
"kids-pajama-01-WHI-100","Dreamland PJ 01 - White / 100 *KAMPANJ*",1.000,159.20,39.80,199.00,0.00,159.20,1.00000000000000000000
"kids-pajama-01-WHI-90","Dreamland PJ 01 - White / 90 *KAMPANJ*",1.000,159.20,39.80,199.00,0.00,159.20,1.00000000000000000000
"kids-pajama-02-1-BEI-100","Dreamland PJ 02 - Beige / 100 *KAMPANJ*",1.000,159.20,39.80,199.00,0.00,159.20,1.00000000000000000000
"kids-pajama-02-1-BEI-120","Dreamland PJ 02 - Beige / 120 *KAMPANJ*",1.000,159.20,39.80,199.00,0.00,159.20,1.00000000000000000000
"kids-pajama-02-1-BEI-140","Dreamland PJ 02 - Beige / 140 *KAMPANJ*",1.000,159.20,39.80,199.00,0.00,159.20,1.00000000000000000000
"kids-pajama-02-1-BEI-150","Dreamland PJ 02 - Beige / 150 *KAMPANJ*",1.000,159.20,39.80,199.00,0.00,159.20,1.00000000000000000000
"kids-pajama-06-BLA-110","Dreamland PJ 06 - Black / 110 *KAMPANJ*",1.000,159.20,39.80,199.00,0.00,159.20,1.00000000000000000000
"kids-pajama-06-BLA-120","Dreamland PJ 06 - Black / 120 *KAMPANJ*",1.000,159.20,39.80,199.00,0.00,159.20,1.00000000000000000000
"kids-pajama-06-BLA-80","Dreamland PJ 06 - Black / 80 *KAMPANJ*",1.000,159.20,39.80,199.00,0.00,159.20,1.00000000000000000000
"kids-pajama-07-1-BLA-140","Dreamland PJ 07 - Black / 140 *KAMPANJ*",1.000,159.20,39.80,199.00,0.00,159.20,1.00000000000000000000
"kids-pajama-07-1-BLA-150","Dreamland PJ 07 - Black / 150 *KAMPANJ*",1.000,159.20,39.80,199.00,0.00,159.20,1.00000000000000000000
"kids-pajama-08-1-LIG-110","Dreamland PJ 08 - Light Grey / 110 *KAMPANJ*",2.000,318.40,79.60,398.00,0.00,318.40,1.00000000000000000000
"LL-D-US","LL Women’s Knit Sweater for Winter in Cozy Styles - Default / Universal Size *KAMPANJ*",44.000,4640.00,1160.00,5800.00,2388.00,2252.00,0.48534482758620689655
"luxe-handbag-2013-BRO","Icon Bag 2013 - Brown *KAMPANJ*",0.000,0.00,0.00,0.00,0.00,0.00,
"luxe-handbag-2501-BLA","Icon Bag 2501 - Black *KAMPANJ*",1.000,0.00,0.00,0.00,0.00,0.00,
"luxe-handbag-6071-RED","Icon Bag 6071 - Red  *KAMPANJ*",1.000,239.20,59.80,299.00,0.00,239.20,1.00000000000000000000
"luxe-handbag-6077-BRO","Icon Bag 6077 - Brown *KAMPANJ*",1.000,239.20,59.80,299.00,0.00,239.20,1.00000000000000000000
"luxe-handbag-6077-KHA","Icon Bag 6077 - Khaki *KAMPANJ*",2.000,478.40,119.60,598.00,0.00,478.40,1.00000000000000000000
"luxe-handbag-6089-BLA","Icon Bag 6089 - Black *KAMPANJ*",1.000,0.00,0.00,0.00,0.00,0.00,
"luxe-handbag-8535-BLA","Icon Bag 8535 - Black *KAMPANJ*",1.000,239.20,59.80,299.00,0.00,239.20,1.00000000000000000000
"M03203-BLACK-41","DY M03203 Women’s Slippers - BLACK / 41 *KAMPANJ*",1.000,63.20,15.80,79.00,64.50,-1.30,-0.02056962025316455696
"M0D6-BLACKWHITE-41","HZ 817 Women’s Sneakers - BLACK RED / 41 *KAMPANJ*",1.000,79.20,19.80,99.00,49.50,29.70,0.37500000000000000000
"MA01-GREYPURPLE-41","HZ MA01 Women’s Sneakers - GREY PURPLE / 41 *KAMPANJ*",1.000,79.20,19.80,99.00,0.00,79.20,1.00000000000000000000
"mens-ae2019-men-shirt-BEI-M","Gent Shirt AE2019 - Beige / M *KAMPANJ*",1.000,239.20,59.80,299.00,0.00,239.20,1.00000000000000000000
"mens-ae43-men-shirt-BLA-XL","Gent Shirt AE43 - Black / XL *KAMPANJ*",1.000,239.20,59.80,299.00,0.00,239.20,1.00000000000000000000
"mens-at1018-men-shirt-BLA-L","Gent Shirt AT1018 - Black / L *KAMPANJ*",1.000,239.20,59.80,299.00,0.00,239.20,1.00000000000000000000
"mens-bge018-boy-pajama-BLA-M","Street PJ BGE018 - Black / M *KAMPANJ*",1.000,159.20,39.80,199.00,0.00,159.20,1.00000000000000000000
"mens-cb105-men-pajama-BLA-3XL","King PJ CB105 - Black / 3XL *KAMPANJ*",1.000,399.20,99.80,499.00,0.00,399.20,1.00000000000000000000
"mens-cb105-men-pajama-GRE-3XL","King PJ CB105 - Grey / 3XL *KAMPANJ*",1.000,399.20,99.80,499.00,0.00,399.20,1.00000000000000000000
"mens-cb110-men-pajama-BLA-3XL","King PJ CB110 - Black / 3XL *KAMPANJ*",1.000,399.20,99.80,499.00,0.00,399.20,1.00000000000000000000
"mens-cb110-men-pajama-BLA-L","King PJ CB110 - Black / L *KAMPANJ*",1.000,159.20,39.80,199.00,0.00,159.20,1.00000000000000000000
"mens-cb111-men-pajama-BLA-L","King PJ CB111 - Black / L *KAMPANJ*",1.000,399.20,99.80,499.00,0.00,399.20,1.00000000000000000000
"mens-cb111-men-pajama-GRE-L","King PJ CB111 - Grey / L *KAMPANJ*",1.000,399.20,99.80,499.00,0.00,399.20,1.00000000000000000000
"mens-gr609-men-pants-BEI-29","Men's Everyday Pants GR609 - Beige / 29 *KAMPANJ*",3.000,717.60,179.40,897.00,0.00,717.60,1.00000000000000000000
"mens-gr609-men-pants-BLA-30","Men's Everyday Pants GR609 - Black / 30 *KAMPANJ*",2.000,478.40,119.60,598.00,0.00,478.40,1.00000000000000000000
"mens-k2043-men-shirt-DAR-XXL","Gent Shirt K2043 - Dark Blue / XXL *KAMPANJ*",1.000,239.20,59.80,299.00,0.00,239.20,1.00000000000000000000
"mens-mb016-men-shirt-BLA-L","Gent Shirt MB016 - Black / L *KAMPANJ*",1.000,399.20,99.80,499.00,0.00,399.20,1.00000000000000000000
"mens-mb016-men-shirt-WHI-L","Gent Shirt MB016 - White / L *KAMPANJ*",1.000,399.20,99.80,499.00,0.00,399.20,1.00000000000000000000
"mens-mb016-men-shirt-WHI-M","Gent Shirt MB016 - White / M *KAMPANJ*",2.000,798.40,199.60,998.00,0.00,798.40,1.00000000000000000000
"mens-mf401-men-jeans-BLA-36","Men's Denim Jeans MF401 - Black / 36 *KAMPANJ*",1.000,159.20,39.80,199.00,0.00,159.20,1.00000000000000000000
"mens-mf401-men-jeans-DAR-32","Men's Denim Jeans MF401 - Dark Blue / 32 *KAMPANJ*",1.000,319.20,79.80,399.00,0.00,319.20,1.00000000000000000000
"mens-mf401-men-jeans-DAR-36","Men's Denim Jeans MF401 - Dark Blue / 36 *KAMPANJ*",2.000,478.40,119.60,598.00,0.00,478.40,1.00000000000000000000
"mens-mf705-men-jeans-BLA-33","Men's Denim Jeans MF705 - Black / 33 *KAMPANJ*",1.000,0.00,0.00,0.00,0.00,0.00,
"mens-mf705-men-jeans-BLA-42","Men's Denim Jeans MF705 - Black / 42 *KAMPANJ*",0.000,0.00,0.00,0.00,0.00,0.00,
"mens-mf705-men-jeans-BLU-34","Men's Denim Jeans MF705 - Blue / 34 *KAMPANJ*",1.000,239.20,59.80,299.00,0.00,239.20,1.00000000000000000000
"mens-mf705-men-jeans-BLU-36","Men's Denim Jeans MF705 - Blue / 36 *KAMPANJ*",1.000,0.00,0.00,0.00,0.00,0.00,
"mens-mf705-men-jeans-BLU-38","Men's Denim Jeans MF705 - Blue / 38 *KAMPANJ*",2.000,638.40,159.60,798.00,0.00,638.40,1.00000000000000000000
"mens-mf707-men-jeans-DAR-34","Men's Denim Jeans MF707 - Dark Blue / 34 *KAMPANJ*",1.000,319.20,79.80,399.00,0.00,319.20,1.00000000000000000000
"mens-mge019-men-shirt-BLA-L","Gent Shirt MGE019 - Black / L *KAMPANJ*",2.000,478.40,119.60,598.00,0.00,478.40,1.00000000000000000000
"mens-th14-men-pajama-BLU-3XL","King PJ TH14 - Blue / 3XL *KAMPANJ*",1.000,0.00,0.00,0.00,0.00,0.00,
"mens-tr2006-men-blouse-BEI-XL","Men's Smart Blouse TR2006 - Beige / XL *KAMPANJ*",1.000,159.20,39.80,199.00,0.00,159.20,1.00000000000000000000
"mens-tr2028-men-blouse-BLU-XL","Men's Smart Blouse TR2028 - Blue / XL *KAMPANJ*",1.000,159.20,39.80,199.00,0.00,159.20,1.00000000000000000000
"mens-tr2028-men-blouse-GRE-XL","Men's Smart Blouse TR2028 - Green / XL *KAMPANJ*",1.000,159.20,39.80,199.00,0.00,159.20,1.00000000000000000000
"mens-tr2028-men-blouse-WHI-L","Men's Smart Blouse TR2028 - White / L *KAMPANJ*",1.000,159.20,39.80,199.00,0.00,159.20,1.00000000000000000000
"mens-tr2031-men-blouse-BLA-XXL","Men's Smart Blouse TR2031 - Black / XXL *KAMPANJ*",1.000,239.20,59.80,299.00,0.00,239.20,1.00000000000000000000
"mens-tr2031-men-blouse-WHI-XXL","Men's Smart Blouse TR2031 - White / XXL *KAMPANJ*",1.000,159.20,39.80,199.00,0.00,159.20,1.00000000000000000000
"mens-tr5000-men-blouse-BLA-XL","Men's Smart Blouse TR5000 - Black / XL *KAMPANJ*",2.000,318.40,79.60,398.00,0.00,318.40,1.00000000000000000000
"mens-tr5000-men-blouse-BLA-XXL","Men's Smart Blouse TR5000 - Black / XXL *KAMPANJ*",1.000,159.20,39.80,199.00,0.00,159.20,1.00000000000000000000
"mens-tr5000-men-blouse-GRE-XXL","Men's Smart Blouse TR5000 - Grey / XXL *KAMPANJ*",1.000,159.20,39.80,199.00,0.00,159.20,1.00000000000000000000
"mens-tr5000-men-blouse-WHI-XXL","Men's Smart Blouse TR5000 - White / XXL *KAMPANJ*",1.000,159.20,39.80,199.00,0.00,159.20,1.00000000000000000000
"mens-tz302-men-pajama-GRE-XXL","King PJ TZ302 - Grey / XXL *KAMPANJ*",1.000,319.20,79.80,399.00,0.00,319.20,1.00000000000000000000
"mens-tz303-men-pajama-BRO-L","King PJ TZ303 - Brown / L *KAMPANJ*",1.000,0.00,0.00,0.00,0.00,0.00,
"MK2978-Beige-M","MG MK2978 Women’s Sporty Winter Tracksuit - Beige / M *KAMPANJ*",1.000,319.20,79.80,399.00,399.50,-80.30,-0.25156641604010025063
"MK2978-Grey-M","MG MK2978 Women’s Sporty Winter Tracksuit - Green / M *KAMPANJ*",1.000,239.20,59.80,299.00,399.50,-160.30,-0.67015050167224080268
"P30-BLACK-44","HZ XM12 Men’s Sneakers - BLACK / 44 *KAMPANJ*",2.000,158.40,39.60,198.00,0.00,158.40,1.00000000000000000000
"SA-04-BEIGE-42","CH SA-04 Men’s Sneakers - BEIGE / 42 *KAMPANJ*",1.000,143.20,35.80,179.00,149.50,-6.30,-0.04399441340782122905
"SA-09-GREY-41","CH SA-09 Men’s Sneakers - GREY / 41 *KAMPANJ*",1.000,159.20,39.80,199.00,0.00,159.20,1.00000000000000000000
"Sales-500","Sales",69.000,15954.40,3988.60,19943.00,0.00,15954.40,1.00000000000000000000
"SCARF-CHIFFON","Scarf Chiffon        *KAMPANJ*",16.000,1011.20,252.80,1264.00,0.00,1011.20,1.00000000000000000000
"SCARF-COTTON-100","Scarf Cotton 100%    *KAMPANJ*",7.000,475.20,118.80,594.00,0.00,475.20,1.00000000000000000000
"SCARF-SATIN","Scarf Satin          *KAMPANJ*",6.000,356.00,89.00,445.00,0.00,356.00,1.00000000000000000000
"SOCKS-10PACK","Kids Socks - 10 Pack *KAMPANJ*",5.000,276.00,69.00,345.00,0.00,276.00,1.00000000000000000000
"SY02","Sy02 Handbag Needs - Standard *KAMPANJ*",1.000,79.20,19.80,99.00,0.00,79.20,1.00000000000000000000
"TM005-Black-110","INCI TM005 Children’s Puffer Jackets - WHITE-PINK / 110 *KAMPANJ*",2.000,239.20,59.80,299.00,224.50,14.70,0.06145484949832775920
"TM186-B-160","INCI TM186 Children’s Puffer Jackets - Black / 160 *KAMPANJ*",1.000,199.20,49.80,249.00,224.50,-25.30,-0.12700803212851405622
"TM186-Black-110","INCI TM186 Children’s Puffer Jackets - Black / 150 *KAMPANJ*",1.000,239.20,59.80,299.00,0.00,239.20,1.00000000000000000000
"TM186-RED-160","INCI TM186 Children’s Puffer Jackets - RED / 160 *KAMPANJ*",2.000,439.20,109.80,549.00,449.00,-9.80,-0.02231329690346083789
"TM186-White-120","INCI TM186 Children’s Puffer Jackets - White / 120 *KAMPANJ*",1.000,239.20,59.80,299.00,224.50,14.70,0.06145484949832775920
"TM190-Black-120","INCI TM190 Children’s Puffer Jackets - Black / 120 *KAMPANJ*",1.000,239.20,59.80,299.00,0.00,239.20,1.00000000000000000000
"TM190-Brown-120","INCI TM190 Children’s Puffer Jackets - RED / 120 *KAMPANJ*",1.000,239.20,59.80,299.00,224.50,14.70,0.06145484949832775920
"TM2-BEIGE-L","TM2 Women’S Coat - Beige / L *KAMPANJ*",1.000,799.20,199.80,999.00,749.50,49.70,0.06218718718718718719
"TOY4702047025","XZ Building Blocks 47020/47025 (96 pcs) *KAMPANJ*",1.000,79.20,19.80,99.00,0.00,79.20,1.00000000000000000000
"TOY5538","XZ Dolls 55-38 (30 pcs) *KAMPANJ*",3.000,677.60,169.40,847.00,0.00,677.60,1.00000000000000000000
"TOY72A","XZ Toy Gun 72A (84 pcs) *KAMPANJ*",2.000,398.40,99.60,498.00,0.00,398.40,1.00000000000000000000
"TOY996154","XZ Remote Control Car 996-154 (96 pcs) *KAMPANJ*",1.000,199.20,49.80,249.00,0.00,199.20,1.00000000000000000000
"TOYQB62072E","XZ Toy Gun QB6207-2E (108 pcs) *KAMPANJ*",4.000,797.60,199.40,997.00,0.00,797.60,1.00000000000000000000
"TZ302-Beige-L","G2 TZ302 Men’s Sporty Winter Tracksuit - Dark Blue / L *KAMPANJ*",1.000,319.20,79.80,399.00,0.00,319.20,1.00000000000000000000
"TZ302-Beige-M","G2 TZ302 Men’s Sporty Winter Tracksuit - Dark Blue / M *KAMPANJ*",1.000,319.20,79.80,399.00,0.00,319.20,1.00000000000000000000
"TZ302-Beige-XL","G2 TZ302 Men’s Sporty Winter Tracksuit - Dark Blue / XL *KAMPANJ*",1.000,199.20,49.80,249.00,299.50,-100.30,-0.50351405622489959839
"TZ302-Black-XL","G2 TZ302 Men’s Sporty Winter Tracksuit - Black / XL *KAMPANJ*",1.000,199.20,49.80,249.00,299.50,-100.30,-0.50351405622489959839
"TZ303-Grey-XL","G2 TZ303 Men’s Sporty Winter Tracksuit - Grey / XL *KAMPANJ*",0.000,0.00,0.00,0.00,0.00,0.00,
"TZ304-Grey-2XL","G2 TZ304 Men’s Sporty Winter Tracksuit - Grey / 2XL *KAMPANJ*",1.000,319.20,79.80,399.00,299.50,19.70,0.06171679197994987469
"womens-8805-l1-BLA-XS","Luxe Coat 8805 - Black / XS *KAMPANJ*",1.000,479.20,119.80,599.00,0.00,479.20,1.00000000000000000000
"womens-f-0357-f-0357-1-BLA-L","NC Normal Cotton Coat F-0357 / F-0357-1 - Black / L *KAMPANJ*",1.000,719.20,179.80,899.00,0.00,719.20,1.00000000000000000000
"womens-f-0357-f-0357-1-BLA-M","NC Normal Cotton Coat F-0357 / F-0357-1 - Black / M *KAMPANJ*",1.000,719.20,179.80,899.00,0.00,719.20,1.00000000000000000000
"womens-f-0357-f-0357-1-BLA-XXL","NC Normal Cotton Coat F-0357 / F-0357-1 - Black / XXL *KAMPANJ*",0.000,0.00,0.00,0.00,0.00,0.00,
"womens-f-0474-f-0445-1-BEI-L","NC Normal Cotton Coat F-0474 / F-0445-1 - Beige / L *KAMPANJ*",1.000,0.00,0.00,0.00,0.00,0.00,
"womens-f-0474-f-0445-1-BEI-M","NC Normal Cotton Coat F-0474 / F-0445-1 - Beige / M *KAMPANJ*",1.000,719.20,179.80,899.00,0.00,719.20,1.00000000000000000000
"womens-f-0474-f-0445-1-BEI-XL","NC Normal Cotton Coat F-0474 / F-0445-1 - Beige / XL *KAMPANJ*",2.000,719.20,179.80,899.00,0.00,719.20,1.00000000000000000000
"womens-f-0474-f-0445-1-BLA-XXL","NC Normal Cotton Coat F-0474 / F-0445-1 - Black / XXL *KAMPANJ*",2.000,1438.40,359.60,1798.00,0.00,1438.40,1.00000000000000000000
"womens-f-0474-f-0445-1-BRO-XL","NC Normal Cotton Coat F-0474 / F-0445-1 - Brown / XL *KAMPANJ*",1.000,719.20,179.80,899.00,0.00,719.20,1.00000000000000000000
"womens-le850-BLA-M","ISMASH Glam Duo LE850 - Lady's 2pcs Set - Black / M *KAMPANJ*",0.000,0.00,0.00,0.00,0.00,0.00,
"womens-me247-BLA-XL","ISMASH Glam Duo ME247 - Lady's 2pcs Set - Black / XL *KAMPANJ*",1.000,399.20,99.80,499.00,0.00,399.20,1.00000000000000000000
"womens-pajamas-stock-mz-01-BLA-3XL","MZ Women's Pajamas Stock MZ-01 (168 pcs) - Black / 3XL *KAMPANJ*",1.000,143.20,35.80,179.00,0.00,143.20,1.00000000000000000000
"womens-pajamas-stock-mz-01-BLA-L","MZ Women's Pajamas Stock MZ-01 (168 pcs) - Black / L *KAMPANJ*",2.000,286.40,71.60,358.00,0.00,286.40,1.00000000000000000000
"womens-pajamas-stock-mz-01-GRE-L","MZ Women's Pajamas Stock MZ-01 (168 pcs) - Grey / L *KAMPANJ*",1.000,143.20,35.80,179.00,0.00,143.20,1.00000000000000000000
"womens-pajamas-stock-mz-01-WHI-L","MZ Women's Pajamas Stock MZ-01 (168 pcs) - White / L *KAMPANJ*",1.000,143.20,35.80,179.00,0.00,143.20,1.00000000000000000000
"womens-pe343-BLU-M","ISMASH Glam Duo PE343 - Lady's 2pcs Set - Blue / M *KAMPANJ*",1.000,559.20,139.80,699.00,0.00,559.20,1.00000000000000000000
"womens-premium-socks-comfort-style-BLA-3XL","Women's Premium Socks - Comfort & Style - Black / 3XL *KAMPANJ*",16.000,115.20,28.80,144.00,0.00,115.20,1.00000000000000000000
"womens-premium-socks-comfort-style-BLA-L","Women's Premium Socks - Comfort & Style - Black / L *KAMPANJ*",45.000,324.00,81.00,405.00,0.00,324.00,1.00000000000000000000
"womens-premium-socks-comfort-style-BLA-M","Women's Premium Socks - Comfort & Style - Black / M *KAMPANJ*",28.000,201.60,50.40,252.00,0.00,201.60,1.00000000000000000000
"womens-premium-socks-comfort-style-BLA-XL","Women's Premium Socks - Comfort & Style - Black / XL *KAMPANJ*",31.000,223.20,55.80,279.00,0.00,223.20,1.00000000000000000000
"womens-premium-socks-comfort-style-BLA-XXL","Women's Premium Socks - Comfort & Style - Black / XXL *KAMPANJ*",10.000,72.00,18.00,90.00,0.00,72.00,1.00000000000000000000
"XF10-B-US","XF10 Sweater Women’s - Black / Universal Size *KAMPANJ*",3.000,429.60,107.40,537.00,299.00,130.60,0.30400372439478584730
"XF10-G-US","XF10 Sweater Women’s - Gray / Universal Size *KAMPANJ*",2.000,286.40,71.60,358.00,149.50,136.90,0.47800279329608938547
"XF10-O-US","XF10 Sweater Women’s - Orange / Universal Size *KAMPANJ*",2.000,286.40,71.60,358.00,0.00,286.40,1.00000000000000000000
"XF10-P-US","XF10 Sweater Women’s - Purple / Universal Size *KAMPANJ*",3.000,429.60,107.40,537.00,0.00,429.60,1.00000000000000000000
"XG009-KHAKI_RED-40","CHW XG009 Women’s Sneakers - KHAKI/RED / 40 *KAMPANJ*",1.000,159.20,39.80,199.00,0.00,159.20,1.00000000000000000000
"ZQ77-WHITE-43","CH ZQ77 Men’s Sneakers - WHITE / 43 *KAMPANJ*",1.000,143.20,35.80,179.00,149.50,-6.30,-0.04399441340782122905
